{
	"1": [-4.098733, 53.260596],
	"2": [-4.118531, 53.252585],
	"3": [-4.144743, 53.242343],
	"4": [-4.160514, 53.226632],
	"5": [-4.168357, 53.221815],
	"6": [-4.179391, 53.222628],
	"7": [-4.188312, 53.218481],
	"8": [-4.19873, 53.216098],
	"9": [-4.226315, 53.208097],
	"10": [-4.223597, 53.190742],
	"11": [-4.24731, 53.178829],
	"12": [-4.271095, 53.166672],
	"13": [-4.299315, 53.151429],
	"14": [-4.327343, 53.160091],
	"15": [-4.368288, 53.151416],
	"16": [-4.400575, 53.146058],
	"17": [-4.413405, 53.135655],
	"18": [-4.40171, 53.14563],
	"19": [-4.398329, 53.164964],
	"20": [-4.387501, 53.193244],
	"21": [-4.427522, 53.180344],
	"22": [-4.466281, 53.186676],
	"23": [-4.484839, 53.178494],
	"24": [-4.491034, 53.187806],
	"25": [-4.500461, 53.202473],
	"26": [-4.502102, 53.207474],
	"27": [-4.5122722, 53.2229965],
	"28": [-4.519826, 53.237959],
	"29": [-4.547267, 53.255388],
	"30": [-4.552218, 53.265174],
	"31": [-4.56312, 53.269661],
	"32": [-4.578422, 53.269364],
	"33": [-4.585659, 53.257715],
	"34": [-4.564389, 53.247065],
	"35": [-4.578588, 53.24372],
	"36": [-4.592788, 53.24312],
	"37": [-4.611517, 53.249482],
	"38": [-4.611809, 53.259143],
	"39": [-4.621271, 53.269356],
	"40": [-4.625885, 53.28076],
	"41": [-4.63689, 53.28334],
	"42": [-4.650146, 53.285596],
	"43": [-4.660494, 53.286477],
	"44": [-4.674806, 53.286034],
	"45": [-4.683067, 53.286358],
	"46": [-4.676292, 53.296423],
	"47": [-4.688347, 53.302877],
	"48": [-4.69342, 53.306421],
	"49": [-4.684844, 53.309399],
	"50": [-4.677774, 53.314787],
	"51": [-4.678489, 53.318855],
	"52": [-4.679672, 53.32225],
	"53": [-4.672729, 53.319765],
	"54": [-4.667939, 53.319919],
	"55": [-4.661138, 53.319063],
	"56": [-4.650626, 53.320884],
	"57": [-4.632534, 53.31115],
	"58": [-4.627668, 53.308324],
	"59": [-4.619337, 53.309604],
	"60": [-4.612972, 53.303607],
	"61": [-4.599165, 53.30524],
	"62": [-4.589122, 53.296326],
	"63": [-4.558103, 53.297788],
	"64": [-4.541113, 53.306804],
	"65": [-4.5587, 53.304799],
	"66": [-4.565482, 53.31948],
	"67": [-4.574593, 53.332722],
	"68": [-4.567754, 53.348219],
	"69": [-4.5587, 53.360194],
	"70": [-4.556852, 53.369254],
	"71": [-4.555853, 53.375423],
	"72": [-4.562845, 53.381684],
	"73": [-4.563575, 53.38864],
	"74": [-4.569197, 53.39498],
	"75": [-4.572458, 53.399775],
	"76": [-4.556833, 53.403814],
	"77": [-4.541903, 53.405906],
	"78": [-4.526732, 53.410804],
	"79": [-4.510348, 53.409715],
	"80": [-4.495553, 53.412494],
	"81": [-4.479967, 53.410556],
	"82": [-4.477043, 53.415822],
	"83": [-4.472894, 53.421465],
	"84": [-4.463743, 53.415454],
	"85": [-4.450904, 53.412715],
	"86": [-4.449291, 53.419399],
	"87": [-4.438358, 53.426125],
	"88": [-4.426117, 53.429081],
	"89": [-4.411461, 53.425373],
	"90": [-4.404917, 53.420662],
	"91": [-4.391162, 53.424322],
	"92": [-4.376583, 53.42488],
	"93": [-4.368482, 53.421004],
	"94": [-4.348698, 53.41648],
	"95": [-4.339565, 53.413871],
	"96": [-4.330035, 53.415734],
	"97": [-4.306293, 53.41376],
	"98": [-4.294715, 53.412604],
	"99": [-4.285655, 53.408122],
	"100": [-4.279592, 53.402053],
	"101": [-4.270962, 53.394506],
	"102": [-4.278392, 53.388675],
	"103": [-4.28872, 53.377304],
	"105": [-4.293629, 53.360852],
	"106": [-4.269417, 53.37095],
	"107": [-4.264149, 53.359978],
	"108": [-4.246538, 53.360055],
	"109": [-4.239804, 53.357418],
	"110": [-4.23475, 53.357181],
	"111": [-4.230728, 53.356756],
	"112": [-4.234924, 53.352992],
	"113": [-4.231054, 53.344359],
	"114": [-4.226379, 53.337598],
	"115": [-4.224397, 53.332334],
	"116": [-4.221561, 53.327032],
	"117": [-4.221038, 53.323554],
	"118": [-4.218321, 53.317675],
	"119": [-4.207943, 53.313032],
	"120": [-4.212443, 53.303003],
	"121": [-4.207007, 53.295259],
	"122": [-4.173315, 53.298794],
	"123": [-4.1425, 53.305842],
	"124": [-4.133004, 53.312151],
	"125": [-4.119363, 53.317662],
	"126": [-4.09924, 53.317677],
	"127": [-4.086426, 53.307099],
	"128": [-4.074074, 53.305096],
	"129": [-4.045651, 53.31],
	"130": [-4.061583, 53.294907]
}
